COUNCIL,DEPARTMENT,SERVICE,SECTION,TEAM,FTE_DAYS_LOST,PERIOD_FTE,ABSENCE RATE,HEADCOUNT
West Dunbartonshire Coun,Chief Exec Office,People & Technology,Business Support,HR Service Centre,0,12,0,12
West Dunbartonshire Coun,Chief Exec Office,People & Technology,Business Support,Pay & Remuneration,0,5.64,0,6
West Dunbartonshire Coun,Chief Exec Office,People & Technology,Business Support,Pay & Remuneration,1.72,0.5,3.44,1
West Dunbartonshire Coun,Chief Exec Office,People & Technology,Health & Safety,Health & Safety,0,4.41,0,5
West Dunbartonshire Coun,Chief Exec Office,People & Technology,Health & Safety,Health & Safety,30,1,30,1
West Dunbartonshire Coun,Chief Exec Office,People & Technology,ICT,IT Business Applic Mgt,0,10.31,0,13
West Dunbartonshire Coun,Chief Exec Office,People & Technology,ICT,IT Device Management,0,16.19,0,17
West Dunbartonshire Coun,Chief Exec Office,People & Technology,ICT,IT Device Management,1,1,1,1
West Dunbartonshire Coun,Chief Exec Office,People & Technology,ICT,IT Device Management,10,1,10,1
West Dunbartonshire Coun,Chief Exec Office,People & Technology,ICT,IT Infrastructure Mgt,0,20.91,0,23
West Dunbartonshire Coun,Chief Exec Office,People & Technology,ICT,IT Infrastructure Mgt,2,1,2,1
West Dunbartonshire Coun,Chief Exec Office,People & Technology,ICT,IT Management,0,3,0,3
West Dunbartonshire Coun,Chief Exec Office,People & Technology,People & Change,Organisational Dev,0,10.37,0,11
West Dunbartonshire Coun,Chief Exec Office,People & Technology,People & Change,Strategic HR,0,14.89,0,16
West Dunbartonshire Coun,Chief Exec Office,Regulatory,Democratic Services,Democratic Services,0,9.62,0,11
West Dunbartonshire Coun,Chief Exec Office,Regulatory,Democratic Services,Leadership Support Team,0,7,0,7
West Dunbartonshire Coun,Chief Exec Office,Regulatory,Democratic Services,Registration,0,5.64,0,9
West Dunbartonshire Coun,Chief Exec Office,Regulatory,Democratic Services,Registration,1,0.5,2,1
West Dunbartonshire Coun,Chief Exec Office,Regulatory,Democratic Services,Registration,8.93,0.5,17.86,1
West Dunbartonshire Coun,Chief Exec Office,Regulatory,Legal Services,Contracts & Property,0,7.26,0,8
West Dunbartonshire Coun,Chief Exec Office,Regulatory,Legal Services,Licensing,0,5,0,5
West Dunbartonshire Coun,Chief Exec Office,Regulatory,Legal Services,Licensing,10.71,1,10.71,1
West Dunbartonshire Coun,Chief Exec Office,Regulatory,Legal Services,Litigation & Support,0,3.76,0,4
West Dunbartonshire Coun,Chief Exec Office,Regulatory,Legal Services,Records Management,0,2,0,2
West Dunbartonshire Coun,Chief Exec Office,Regulatory,Legal Services,Trading Standards,0,5.91,0,6
West Dunbartonshire Coun,Chief Exec Office,Regulatory,Planning & Building Cont,Building Standards,0,5.9,0,7
West Dunbartonshire Coun,Chief Exec Office,Regulatory,Planning & Building Cont,Building Standards,5.71,1,5.71,1
West Dunbartonshire Coun,Chief Exec Office,Regulatory,Planning & Building Cont,Comm Health Protection,0,7.74,0,8
West Dunbartonshire Coun,Chief Exec Office,Regulatory,Planning & Building Cont,Development Management,0,4.6,0,5
West Dunbartonshire Coun,Chief Exec Office,Regulatory,Planning & Building Cont,Environmental Pollution,0,6,0,6
West Dunbartonshire Coun,Chief Exec Office,Regulatory,Planning & Building Cont,Food & Business,0,4.94,0,6
West Dunbartonshire Coun,Chief Exec Office,Regulatory,Planning & Building Cont,Forward Planning,0,5.37,0,6
West Dunbartonshire Coun,Chief Exec Office,Regulatory,Planning & Building Cont,Technical Support Team,0,6.8,0,7
West Dunbartonshire Coun,Chief Exec Office,Regulatory,Planning & Building Cont,Technical Support Team,5,1,5,1
West Dunbartonshire Coun,Chief Exec Office,Regulatory,Planning & Building Cont,Technical Support Team,43.57,1,43.57,1
West Dunbartonshire Coun,Chief Exec Office,Regulatory,Regulatory Management,LDRS Management,0,3,0,3
West Dunbartonshire Coun,Chief Exec Office,Resources,Audit & Fraud,Audit & Fraud,0,7.41,0,9
West Dunbartonshire Coun,Chief Exec Office,Resources,Business Support,Admin Support Unit,0,25.54,0,31
West Dunbartonshire Coun,Chief Exec Office,Resources,Business Support,Admin Support Unit,4,1,4,1
West Dunbartonshire Coun,Chief Exec Office,Resources,Business Support,Admin Support Unit,4.43,0.89,5,1
West Dunbartonshire Coun,Chief Exec Office,Resources,Business Support,Admin Support Unit,0.86,0.86,1,1
West Dunbartonshire Coun,Chief Exec Office,Resources,Business Support,Admin Support Unit,28.4,1.5,18.93,2
West Dunbartonshire Coun,Chief Exec Office,Resources,Business Support,Admin Support Unit,5.71,1,5.71,1
West Dunbartonshire Coun,Chief Exec Office,Resources,Business Support,Automation,0,0.2,0,2
West Dunbartonshire Coun,Chief Exec Office,Resources,Business Support,Benefits,0,17.21,0,21
West Dunbartonshire Coun,Chief Exec Office,Resources,Business Support,Benefits,45.96,0.79,58.49,1
West Dunbartonshire Coun,Chief Exec Office,Resources,Business Support,Benefits,62.14,1,62.14,1
West Dunbartonshire Coun,Chief Exec Office,Resources,Business Support,Business Support,0,5,0,5
West Dunbartonshire Coun,Chief Exec Office,Resources,Business Support,Corporate Admin Support,0,55.91,0,67
West Dunbartonshire Coun,Chief Exec Office,Resources,Business Support,Corporate Admin Support,6.86,0.8,8.57,1
West Dunbartonshire Coun,Chief Exec Office,Resources,Business Support,Corporate Admin Support,2,1,2,1
West Dunbartonshire Coun,Chief Exec Office,Resources,Business Support,Corporate Admin Support,6.37,0.57,11.15,1
West Dunbartonshire Coun,Chief Exec Office,Resources,Business Support,Corporate Admin Support,3.05,0.2,15.42,1
West Dunbartonshire Coun,Chief Exec Office,Resources,Business Support,Corporate Admin Support,23.4,0.6,39,1
West Dunbartonshire Coun,Chief Exec Office,Resources,Business Support,Corporate Debt Team,0,29.8,0,37
West Dunbartonshire Coun,Chief Exec Office,Resources,Business Support,Corporate Debt Team,5.2,1.91,2.72,2
West Dunbartonshire Coun,Chief Exec Office,Resources,Business Support,Corporate Debt Team,17.27,1.71,10.07,2
West Dunbartonshire Coun,Chief Exec Office,Resources,Business Support,Council Tax,0,9.31,0,11
West Dunbartonshire Coun,Chief Exec Office,Resources,Business Support,Council Tax,6.43,1,6.43,1
West Dunbartonshire Coun,Chief Exec Office,Resources,Business Support,Finance Service Centre,0,8.69,0,10
West Dunbartonshire Coun,Chief Exec Office,Resources,Business Support,Support/Cont Development,0,5,0,5
West Dunbartonshire Coun,Chief Exec Office,Resources,Finance,Cash & Banking,0,6.7,0,11
West Dunbartonshire Coun,Chief Exec Office,Resources,Finance,Cash & Banking,14.82,0.5,29.64,1
West Dunbartonshire Coun,Chief Exec Office,Resources,Finance,Corporate Finance,0,7.89,0,9
West Dunbartonshire Coun,Chief Exec Office,Resources,Finance,Development & Support,0,2,0,2
West Dunbartonshire Coun,Chief Exec Office,Resources,Finance,Education Finance,0,7,0,9
West Dunbartonshire Coun,Chief Exec Office,Resources,Finance,Finance & Treasury,0,2,0,2
West Dunbartonshire Coun,Chief Exec Office,Resources,Finance,Governance,0,0.5,0,1
West Dunbartonshire Coun,Chief Exec Office,Resources,Finance,HEED Finance,0,4.3,0,5
West Dunbartonshire Coun,Chief Exec Office,Resources,Finance,HEED Finance,45,1,45,1
West Dunbartonshire Coun,Chief Exec Office,Resources,Finance,Insurance,0,2,0,2
West Dunbartonshire Coun,Chief Exec Office,Resources,Finance,Reconciliations,0,3.91,0,5
West Dunbartonshire Coun,Chief Exec Office,Resources,Finance,Reconciliations,6.86,0.86,8,1
West Dunbartonshire Coun,HSCP,Child Health Care & C J,Childcare,Alternatives to Care,0,13,0,14
West Dunbartonshire Coun,HSCP,Child Health Care & C J,Childcare,Blairvadach,0,13.04,0,15
West Dunbartonshire Coun,HSCP,Child Health Care & C J,Childcare,Blairvadach,1.97,0.66,2.99,1
West Dunbartonshire Coun,HSCP,Child Health Care & C J,Childcare,Blairvadach,1.05,0.53,2,1
West Dunbartonshire Coun,HSCP,Child Health Care & C J,Childcare,Blairvadach,1,1,1,1
West Dunbartonshire Coun,HSCP,Child Health Care & C J,Childcare,Burnside,0,9.66,0,10
West Dunbartonshire Coun,HSCP,Child Health Care & C J,Childcare,Burnside,76,4,19,3
West Dunbartonshire Coun,HSCP,Child Health Care & C J,Childcare,Burnside,36.18,0.67,54.28,1
West Dunbartonshire Coun,HSCP,Child Health Care & C J,Childcare,Burnside,78.04,1.33,58.57,2
West Dunbartonshire Coun,HSCP,Child Health Care & C J,Childcare,Burnside,58.62,1.03,57.14,1
West Dunbartonshire Coun,HSCP,Child Health Care & C J,Childcare,Champions Board,0,2.86,0,3
West Dunbartonshire Coun,HSCP,Child Health Care & C J,Childcare,Childcare - Bridge St,0,8.94,0,11
West Dunbartonshire Coun,HSCP,Child Health Care & C J,Childcare,Childcare - Bridge St,2.39,0.8,3.01,1
West Dunbartonshire Coun,HSCP,Child Health Care & C J,Childcare,Childcare - Bridge St,13.63,0.8,17.14,1
West Dunbartonshire Coun,HSCP,Child Health Care & C J,Childcare,Craigiellachie,0,8.94,0,11
West Dunbartonshire Coun,HSCP,Child Health Care & C J,Childcare,Craigiellachie,25.14,2,12.57,2
West Dunbartonshire Coun,HSCP,Child Health Care & C J,Childcare,Craigiellachie,40.71,1,40.71,1
West Dunbartonshire Coun,HSCP,Child Health Care & C J,Childcare,Craigiellachie,11.42,2,5.71,2
West Dunbartonshire Coun,HSCP,Child Health Care & C J,Childcare,Craigiellachie,5,1,5,1
West Dunbartonshire Coun,HSCP,Child Health Care & C J,Childcare,Craigiellachie,7.3,1.36,5.38,2
West Dunbartonshire Coun,HSCP,Child Health Care & C J,Childcare,Craigiellachie,65,1,65,1
West Dunbartonshire Coun,HSCP,Child Health Care & C J,Childcare,ThroughCare Team,0,8,0,9
West Dunbartonshire Coun,HSCP,Child Health Care & C J,Childcare,Vale of Leven Hospital,0,1,0,1
West Dunbartonshire Coun,HSCP,Child Health Care & C J,Children & Families,Area Team - Alexandria,0,29.1,0,30
West Dunbartonshire Coun,HSCP,Child Health Care & C J,Children & Families,Area Team - Alexandria,1,1,1,1
West Dunbartonshire Coun,HSCP,Child Health Care & C J,Children & Families,Area Team - Alexandria,24.69,0.9,27.43,1
West Dunbartonshire Coun,HSCP,Child Health Care & C J,Children & Families,Area Team - Alexandria,4,1,4,1
West Dunbartonshire Coun,HSCP,Child Health Care & C J,Children & Families,Area Team - Clydebank,0,39.67,0,45
West Dunbartonshire Coun,HSCP,Child Health Care & C J,Children & Families,Area Team - Clydebank,26.71,2,13.36,1
West Dunbartonshire Coun,HSCP,Child Health Care & C J,Children & Families,Area Team - Clydebank,18.72,4,4.68,5
West Dunbartonshire Coun,HSCP,Child Health Care & C J,Children & Families,Area Team - Clydebank,13.39,0.5,26.78,1
West Dunbartonshire Coun,HSCP,Child Health Care & C J,Children & Families,CWD,0,4.83,0,9
West Dunbartonshire Coun,HSCP,Child Health Care & C J,Children & Families,CWD,0.22,0.22,1.02,1
West Dunbartonshire Coun,HSCP,Child Health Care & C J,Children & Families,CWD,11.75,0.51,22.88,3
West Dunbartonshire Coun,HSCP,Child Health Care & C J,Children & Families,CWD,15.83,0.27,58.57,1
West Dunbartonshire Coun,HSCP,Child Health Care & C J,Children & Families,Youth Services,0,22.31,0,25
West Dunbartonshire Coun,HSCP,Child Health Care & C J,Children & Families,Youth Services,2,1,2,1
West Dunbartonshire Coun,HSCP,Child Health Care & C J,Children & Families,Youth Services:Dumbarton,0,1.14,0,3
West Dunbartonshire Coun,HSCP,Child Health Care & C J,Criminal Justice,Criminal Justice,0,31.94,0,36
West Dunbartonshire Coun,HSCP,Child Health Care & C J,Criminal Justice,Criminal Justice,2.74,0.8,3.43,1
West Dunbartonshire Coun,HSCP,Child Health Care & C J,Criminal Justice,Criminal Justice,51.43,1,51.43,1
West Dunbartonshire Coun,HSCP,Child Health Care & C J,Criminal Justice,Criminal Justice,5,1,5,1
West Dunbartonshire Coun,HSCP,Child Health Care & C J,Criminal Justice,Criminal Justice,31.43,0.8,39.29,1
West Dunbartonshire Coun,HSCP,Child Health Care & C J,Criminal Justice,Criminal Justice,32.32,1.6,20.2,2
West Dunbartonshire Coun,HSCP,Child Health Care & C J,Criminal Justice,Criminal Justice,6.43,1,6.43,1
West Dunbartonshire Coun,HSCP,Child Health Care & C J,Criminal Justice,DTTO,0,4.66,0,5
West Dunbartonshire Coun,HSCP,Child Health Care & C J,Criminal Justice,DTTO,13.57,1,13.57,1
West Dunbartonshire Coun,HSCP,Community Health & Care,Care at Home Services,Clydebank Home Care,0,97.94,0,166
West Dunbartonshire Coun,HSCP,Community Health & Care,Care at Home Services,Clydebank Home Care,103.3,20.34,5.08,28
West Dunbartonshire Coun,HSCP,Community Health & Care,Care at Home Services,Clydebank Home Care,21.99,0.39,56.43,1
West Dunbartonshire Coun,HSCP,Community Health & Care,Care at Home Services,Clydebank Home Care,1714.42,67.97,25.22,101
West Dunbartonshire Coun,HSCP,Community Health & Care,Care at Home Services,Clydebank Home Care,2.03,0.41,5.01,1
West Dunbartonshire Coun,HSCP,Community Health & Care,Care at Home Services,Clydebank Home Care,127.4,5.11,24.94,7
West Dunbartonshire Coun,HSCP,Community Health & Care,Care at Home Services,Clydebank Home Care,402.37,13.57,29.64,18
West Dunbartonshire Coun,HSCP,Community Health & Care,Care at Home Services,Clydebank Home Care,382.35,13.59,28.14,22
West Dunbartonshire Coun,HSCP,Community Health & Care,Care at Home Services,Clydebank Home Care,54.06,1.66,32.52,3
West Dunbartonshire Coun,HSCP,Community Health & Care,Care at Home Services,Clydebank Home Care,8.96,0.43,20.72,1
West Dunbartonshire Coun,HSCP,Community Health & Care,Care at Home Services,Clydebank Home Care,3.82,0.18,21.44,1
West Dunbartonshire Coun,HSCP,Community Health & Care,Care at Home Services,Clydebank Home Care,352.2,13.61,25.88,19
West Dunbartonshire Coun,HSCP,Community Health & Care,Care at Home Services,Comm Alarms & Tele-Care,0,5.71,0,7
West Dunbartonshire Coun,HSCP,Community Health & Care,Care at Home Services,Dumbarton/VOL Home Care,0,102.75,0,159
West Dunbartonshire Coun,HSCP,Community Health & Care,Care at Home Services,Dumbarton/VOL Home Care,105.26,19.5,5.4,27
West Dunbartonshire Coun,HSCP,Community Health & Care,Care at Home Services,Dumbarton/VOL Home Care,22.5,0.85,26.43,1
West Dunbartonshire Coun,HSCP,Community Health & Care,Care at Home Services,Dumbarton/VOL Home Care,1480.9,65.25,22.7,91
West Dunbartonshire Coun,HSCP,Community Health & Care,Care at Home Services,Dumbarton/VOL Home Care,10.61,0.68,15.7,1
West Dunbartonshire Coun,HSCP,Community Health & Care,Care at Home Services,Dumbarton/VOL Home Care,77.28,4.73,16.34,7
West Dunbartonshire Coun,HSCP,Community Health & Care,Care at Home Services,Dumbarton/VOL Home Care,157.45,4.11,38.33,6
West Dunbartonshire Coun,HSCP,Community Health & Care,Care at Home Services,Dumbarton/VOL Home Care,301.27,9.78,30.82,15
West Dunbartonshire Coun,HSCP,Community Health & Care,Care at Home Services,Dumbarton/VOL Home Care,64.03,2.07,30.91,4
West Dunbartonshire Coun,HSCP,Community Health & Care,Care at Home Services,Dumbarton/VOL Home Care,10.19,0.43,23.56,1
West Dunbartonshire Coun,HSCP,Community Health & Care,Care at Home Services,Dumbarton/VOL Home Care,20.41,1.22,16.78,2
West Dunbartonshire Coun,HSCP,Community Health & Care,Care at Home Services,Dumbarton/VOL Home Care,96.86,2.41,40.27,4
West Dunbartonshire Coun,HSCP,Community Health & Care,Care at Home Services,Dumbarton/VOL Home Care,114.02,4.48,25.45,7
West Dunbartonshire Coun,HSCP,Community Health & Care,Care at Home Services,Gray Street,0,2.86,0,3
West Dunbartonshire Coun,HSCP,Community Health & Care,Care at Home Services,Gray Street,4.4,1.5,2.93,1
West Dunbartonshire Coun,HSCP,Community Health & Care,Care at Home Services,Gray Street,6.27,0.78,8,1
West Dunbartonshire Coun,HSCP,Community Health & Care,Care at Home Services,Gray Street,48.75,0.75,65,1
West Dunbartonshire Coun,HSCP,Community Health & Care,Care at Home Services,Hogan Court,0,0.59,0,1
West Dunbartonshire Coun,HSCP,Community Health & Care,Care at Home Services,Hogan Court,75.48,1.22,62.06,2
West Dunbartonshire Coun,HSCP,Community Health & Care,Care at Home Services,Hogan Court,5,1,5,1
West Dunbartonshire Coun,HSCP,Community Health & Care,Care at Home Services,Hogan Court,25.39,0.75,33.85,1
West Dunbartonshire Coun,HSCP,Community Health & Care,Care at Home Services,Home Care Admin,0,6.85,0,7
West Dunbartonshire Coun,HSCP,Community Health & Care,Care at Home Services,Macmillan,0,0.92,0,4
West Dunbartonshire Coun,HSCP,Community Health & Care,Care at Home Services,Manse Gardens,0,1.96,0,3
West Dunbartonshire Coun,HSCP,Community Health & Care,Care at Home Services,Manse Gardens,8.06,0.65,12.43,1
West Dunbartonshire Coun,HSCP,Community Health & Care,Care at Home Services,Manse Gardens,11.13,1.39,8.01,2
West Dunbartonshire Coun,HSCP,Community Health & Care,Care at Home Services,Manse Gardens,8.69,0.72,12.13,1
West Dunbartonshire Coun,HSCP,Community Health & Care,Care at Home Services,Melfort Avenue,0,1.43,0,2
West Dunbartonshire Coun,HSCP,Community Health & Care,Care at Home Services,Melfort Avenue,65,1,65,1
West Dunbartonshire Coun,HSCP,Community Health & Care,Care at Home Services,Melfort Avenue,7.14,1,7.14,1
West Dunbartonshire Coun,HSCP,Community Health & Care,Care at Home Services,Mill Road,81.79,2.8,29.17,3
West Dunbartonshire Coun,HSCP,Community Health & Care,Care at Home Services,Peripatetic,2.35,0.78,3,1
West Dunbartonshire Coun,HSCP,Community Health & Care,Care at Home Services,R&CH Management,0,3,0,3
West Dunbartonshire Coun,HSCP,Community Health & Care,Care at Home Services,Second Avenue,0,2,0,2
West Dunbartonshire Coun,HSCP,Community Health & Care,Care at Home Services,Second Avenue,3,0.75,4,1
West Dunbartonshire Coun,HSCP,Community Health & Care,Care at Home Services,Second Avenue,5.01,0.9,5.58,1
West Dunbartonshire Coun,HSCP,Community Health & Care,Care at Home Services,Westbridgend,0,1.65,0,3
West Dunbartonshire Coun,HSCP,Community Health & Care,Care at Home Services,Westbridgend,4,1,4,1
West Dunbartonshire Coun,HSCP,Community Health & Care,Care at Home Services,Westbridgend,11.68,1.75,6.67,2
West Dunbartonshire Coun,HSCP,Community Health & Care,Care at Home Services,Westbridgend,34.93,0.78,44.57,1
West Dunbartonshire Coun,HSCP,Community Health & Care,Care at Home Services,Willox Park,0,1,0,1
West Dunbartonshire Coun,HSCP,Community Health & Care,Care at Home Services,Willox Park,65,1,65,1
West Dunbartonshire Coun,HSCP,Community Health & Care,Care at Home Services,Willox Park,2.35,0.61,3.86,1
West Dunbartonshire Coun,HSCP,Community Health & Care,Care at Home Services,Young Street,0,2.65,0,3
West Dunbartonshire Coun,HSCP,Community Health & Care,Care at Home Services,Young Street,2.7,0.9,3,1
West Dunbartonshire Coun,HSCP,Community Health & Care,Care at Home Services,Young Street,32.14,1,32.14,1
West Dunbartonshire Coun,HSCP,Community Health & Care,Care at Home Services,Young Street,24.09,0.43,55.71,1
West Dunbartonshire Coun,HSCP,Community Health & Care,Community Care,Adult Team,0,10.11,0,12
West Dunbartonshire Coun,HSCP,Community Health & Care,Community Care,Adult Team,65,1,65,1
West Dunbartonshire Coun,HSCP,Community Health & Care,Community Care,Community - Older People,0,22.68,0,24
West Dunbartonshire Coun,HSCP,Community Health & Care,Community Care,Community - Older People,29.79,4,7.45,3
West Dunbartonshire Coun,HSCP,Community Health & Care,Community Care,Community - Older People,17.74,2.23,7.96,3
West Dunbartonshire Coun,HSCP,Community Health & Care,Community Care,Community Care Admin,0,6.32,0,7
West Dunbartonshire Coun,HSCP,Community Health & Care,Community Care,Community Care Admin,2,1,2,1
West Dunbartonshire Coun,HSCP,Community Health & Care,Community Care,Community Care Admin,3,1,3,1
West Dunbartonshire Coun,HSCP,Community Health & Care,Community Care,FIT,0,3,0,3
West Dunbartonshire Coun,HSCP,Community Health & Care,Community Care,FIT,4.29,1,4.29,1
West Dunbartonshire Coun,HSCP,Community Health & Care,Community Care,FIT,28.57,1,28.57,1
West Dunbartonshire Coun,HSCP,Community Health & Care,Community Care,Hospital Discharge,0,15.3,0,18
West Dunbartonshire Coun,HSCP,Community Health & Care,Community Care,Hospital Discharge,6.98,0.98,7.14,1
West Dunbartonshire Coun,HSCP,Community Health & Care,Community Care,Sensory Imp Team,0,2.3,0,3
West Dunbartonshire Coun,HSCP,Community Health & Care,Residential & Care Homes,Care Home Management,0,6.91,0,7
West Dunbartonshire Coun,HSCP,Community Health & Care,Residential & Care Homes,Crosslet House Care Home,0,48.2,0,64
West Dunbartonshire Coun,HSCP,Community Health & Care,Residential & Care Homes,Crosslet House Care Home,178.61,12.07,14.8,15
West Dunbartonshire Coun,HSCP,Community Health & Care,Residential & Care Homes,Crosslet House Care Home,61.3,2.17,28.31,3
West Dunbartonshire Coun,HSCP,Community Health & Care,Residential & Care Homes,Crosslet House Care Home,729.18,37.79,19.3,45
West Dunbartonshire Coun,HSCP,Community Health & Care,Residential & Care Homes,Crosslet House Care Home,112.64,7.77,14.5,9
West Dunbartonshire Coun,HSCP,Community Health & Care,Residential & Care Homes,Crosslet House Care Home,3.06,0.71,4.28,1
West Dunbartonshire Coun,HSCP,Community Health & Care,Residential & Care Homes,Crosslet House Care Home,51.63,3.86,13.38,5
West Dunbartonshire Coun,HSCP,Community Health & Care,Residential & Care Homes,Crosslet House Care Home,297.53,9.27,32.11,12
West Dunbartonshire Coun,HSCP,Community Health & Care,Residential & Care Homes,Crosslet House Care Home,76.24,2.3,33.19,3
West Dunbartonshire Coun,HSCP,Community Health & Care,Residential & Care Homes,Crosslet House Care Home,25.19,1.43,17.59,2
West Dunbartonshire Coun,HSCP,Community Health & Care,Residential & Care Homes,Crosslet House Care Home,60.63,1.66,36.43,3
West Dunbartonshire Coun,HSCP,Community Health & Care,Residential & Care Homes,Crosslet House Care Home,48.58,1.71,28.4,3
West Dunbartonshire Coun,HSCP,Community Health & Care,Residential & Care Homes,Frank Downie,0,30.9,0,39
West Dunbartonshire Coun,HSCP,Community Health & Care,Residential & Care Homes,Frank Downie,44.81,4.88,9.19,7
West Dunbartonshire Coun,HSCP,Community Health & Care,Residential & Care Homes,Frank Downie,178.9,5.78,30.93,8
West Dunbartonshire Coun,HSCP,Community Health & Care,Residential & Care Homes,Frank Downie,10.5,0.43,24.28,1
West Dunbartonshire Coun,HSCP,Community Health & Care,Residential & Care Homes,Frank Downie,10.92,0.69,15.71,1
West Dunbartonshire Coun,HSCP,Community Health & Care,Residential & Care Homes,Frank Downie,86.42,1.86,46.53,2
West Dunbartonshire Coun,HSCP,Community Health & Care,Residential & Care Homes,Frank Downie,5.34,0.47,11.42,1
West Dunbartonshire Coun,HSCP,Community Health & Care,Residential & Care Homes,Mount Pleasant,0,16.19,0,25
West Dunbartonshire Coun,HSCP,Community Health & Care,Residential & Care Homes,Mount Pleasant,22.58,3.62,6.23,4
West Dunbartonshire Coun,HSCP,Community Health & Care,Residential & Care Homes,Mount Pleasant,173.63,6.15,28.23,8
West Dunbartonshire Coun,HSCP,Community Health & Care,Residential & Care Homes,Mount Pleasant,94.8,2.62,36.16,3
West Dunbartonshire Coun,HSCP,Community Health & Care,Residential & Care Homes,Mount Pleasant,14.15,2.62,5.4,2
West Dunbartonshire Coun,HSCP,Community Health & Care,Residential & Care Homes,Mount Pleasant,14.89,2,7.45,2
West Dunbartonshire Coun,HSCP,Community Health & Care,Residential & Care Homes,Mount Pleasant,11.64,0.45,25.71,1
West Dunbartonshire Coun,HSCP,Community Health & Care,Residential & Care Homes,Mount Pleasant,5.71,1,5.71,1
West Dunbartonshire Coun,HSCP,Community Health & Care,Residential & Care Homes,Mount Pleasant,99.26,3.2,31.03,4
West Dunbartonshire Coun,HSCP,Community Health & Care,Residential & Care Homes,Queen Mary Day Care,0,0.81,0,1
West Dunbartonshire Coun,HSCP,Community Health & Care,Residential & Care Homes,Queen Mary Day Care,10.47,0.98,10.71,1
West Dunbartonshire Coun,HSCP,Community Health & Care,Residential & Care Homes,Queen Mary Day Care,20.91,1.48,14.15,2
West Dunbartonshire Coun,HSCP,Community Health & Care,Residential & Care Homes,Queen Mary Day Care,194.68,3.86,50.47,4
West Dunbartonshire Coun,HSCP,Finance & Resources,Finance & Resources,Finance & Resources,0,5.5,0,6
West Dunbartonshire Coun,HSCP,Mental Health Addic & LD,Addiction Services,CAT - Clydebank,0,4,0,4
West Dunbartonshire Coun,HSCP,Mental Health Addic & LD,Addiction Services,CAT - Dumbarton,0,7,0,7
West Dunbartonshire Coun,HSCP,Mental Health Addic & LD,Addiction Services,CAT - Dumbarton,1,1,1,1
West Dunbartonshire Coun,HSCP,Mental Health Addic & LD,Day Care: Learning Disab,Bridge Street,0,7.99,0,8
West Dunbartonshire Coun,HSCP,Mental Health Addic & LD,Day Care: Learning Disab,Bridge Street,2.32,0.54,4.29,1
West Dunbartonshire Coun,HSCP,Mental Health Addic & LD,Day Care: Learning Disab,Bridge Street,27.8,0.81,34.29,1
West Dunbartonshire Coun,HSCP,Mental Health Addic & LD,Day Care: Learning Disab,Bridge Street,4.29,1,4.29,1
West Dunbartonshire Coun,HSCP,Mental Health Addic & LD,Day Care: Learning Disab,Buchanan Street,0,6.15,0,7
West Dunbartonshire Coun,HSCP,Mental Health Addic & LD,Day Care: Learning Disab,Clarence Street,0,3.11,0,4
West Dunbartonshire Coun,HSCP,Mental Health Addic & LD,Day Care: Learning Disab,Clarence Street,35.14,0.54,65.01,1
West Dunbartonshire Coun,HSCP,Mental Health Addic & LD,Day Care: Learning Disab,Mollanbowie,3,1,3,1
West Dunbartonshire Coun,HSCP,Mental Health Addic & LD,Day Care: Learning Disab,Mollanbowie,8.34,1.81,4.61,2
West Dunbartonshire Coun,HSCP,Mental Health Addic & LD,Learning Disability Serv,Beardmore,0,14.64,0,18
West Dunbartonshire Coun,HSCP,Mental Health Addic & LD,Learning Disability Serv,Beardmore,29.97,1.93,15.5,2
West Dunbartonshire Coun,HSCP,Mental Health Addic & LD,Learning Disability Serv,Cafe Connect,0,3.17,0,10
West Dunbartonshire Coun,HSCP,Mental Health Addic & LD,Learning Disability Serv,Community Connections,0,15.22,0,20
West Dunbartonshire Coun,HSCP,Mental Health Addic & LD,Learning Disability Serv,Community Connections,9.03,1.78,5.06,4
West Dunbartonshire Coun,HSCP,Mental Health Addic & LD,Learning Disability Serv,Dumbarton Centre,0,25.04,0,32
West Dunbartonshire Coun,HSCP,Mental Health Addic & LD,Learning Disability Serv,Dumbarton Centre,30.75,2.57,11.98,3
West Dunbartonshire Coun,HSCP,Mental Health Addic & LD,Learning Disability Serv,Dumbarton Centre,222.45,6.4,34.78,9
West Dunbartonshire Coun,HSCP,Mental Health Addic & LD,Learning Disability Serv,Dumbarton Centre,28.11,0.43,65,1
West Dunbartonshire Coun,HSCP,Mental Health Addic & LD,Learning Disability Serv,Dumbarton Centre,33.68,0.86,39.29,1
West Dunbartonshire Coun,HSCP,Mental Health Addic & LD,Learning Disability Serv,Work Connect,0,10.74,0,14
West Dunbartonshire Coun,HSCP,Mental Health Addic & LD,Learning Disability Serv,Work Connect,4.5,1.5,3,1
West Dunbartonshire Coun,HSCP,Mental Health Addic & LD,Learning Disability Serv,Work Connect,89.59,1.38,65,2
West Dunbartonshire Coun,HSCP,Mental Health Addic & LD,Learning Disability Serv,Work Connect,10,2,5,1
West Dunbartonshire Coun,HSCP,Mental Health Addic & LD,Mental Health,Area Team - Dumbarton,0,2,0,2
West Dunbartonshire Coun,HSCP,Mental Health Addic & LD,Mental Health,Goldenhill,0,5.13,0,6
West Dunbartonshire Coun,HSCP,Mental Health Addic & LD,Mental Health,MHO Team,0,4.88,0,6
West Dunbartonshire Coun,HSCP,Mental Health Addic & LD,Mental Health,Riverview,0,7.79,0,9
West Dunbartonshire Coun,HSCP,Mental Health Addic & LD,Mental Health,Riverview,13.14,1,13.14,1
West Dunbartonshire Coun,HSCP,"Strategy, Planning & HI",Business Support,Business Support,0,1.5,0,2
West Dunbartonshire Coun,HSCP,"Strategy, Planning & HI",Health Improvement,Health Improvement,2.5,1,2.5,1
West Dunbartonshire Coun,HSCP,"Strategy, Planning & HI",Information,Information,0,6.71,0,7
West Dunbartonshire Coun,HSCP,"Strategy, Planning & HI",Planning & Improvement,Planning & Improvement,0,2,0,2
West Dunbartonshire Coun,HSCP,"Strategy, Planning & HI",Quality Assurance,Care Contract Team,0,3.9,0,4
West Dunbartonshire Coun,HSCP,"Strategy, Planning & HI",Quality Assurance,Quality Assurance,0,3.33,0,4
West Dunbartonshire Coun,HSCP,"Strategy, Planning & HI",Service Improvement,Service Improvement,0,1,0,1
West Dunbartonshire Coun,Regen Environ & Growth,Environment & Neighbourh,Facilities Management,FM: Alexandria,0,0.15,0,1
West Dunbartonshire Coun,Regen Environ & Growth,Environment & Neighbourh,Facilities Management,FM: Clydebank West,0,0.29,0,1
West Dunbartonshire Coun,Regen Environ & Growth,Environment & Neighbourh,Fleet & Waste Services,Fleet & Waste Services,0,81.88,0,86
West Dunbartonshire Coun,Regen Environ & Growth,Environment & Neighbourh,Fleet & Waste Services,Fleet & Waste Services,4,1,4,1
West Dunbartonshire Coun,Regen Environ & Growth,Environment & Neighbourh,Fleet & Waste Services,Fleet & Waste Services,714.35,45.3,15.77,45
West Dunbartonshire Coun,Regen Environ & Growth,Environment & Neighbourh,Fleet & Waste Services,Fleet & Waste Services,23.4,0.6,39,1
West Dunbartonshire Coun,Regen Environ & Growth,Environment & Neighbourh,Fleet & Waste Services,Fleet & Waste Services,3,1,3,1
West Dunbartonshire Coun,Regen Environ & Growth,Environment & Neighbourh,Fleet & Waste Services,Fleet & Waste Services,71.92,2.22,32.36,3
West Dunbartonshire Coun,Regen Environ & Growth,Environment & Neighbourh,Fleet & Waste Services,Fleet & Waste Services,23.57,1,23.57,1
West Dunbartonshire Coun,Regen Environ & Growth,Environment & Neighbourh,Fleet & Waste Services,Fleet & Waste Services,45,1,45,1
West Dunbartonshire Coun,Regen Environ & Growth,Environment & Neighbourh,Fleet & Waste Services,Fleet & Waste Services,34.43,2,17.21,2
West Dunbartonshire Coun,Regen Environ & Growth,Environment & Neighbourh,Greenspace,Greenspace,0,140.94,0,152
West Dunbartonshire Coun,Regen Environ & Growth,Environment & Neighbourh,Greenspace,Greenspace,58.82,5.61,10.49,6
West Dunbartonshire Coun,Regen Environ & Growth,Environment & Neighbourh,Greenspace,Greenspace,670.69,34.47,19.46,38
West Dunbartonshire Coun,Regen Environ & Growth,Environment & Neighbourh,Greenspace,Greenspace,15.71,1,15.71,1
West Dunbartonshire Coun,Regen Environ & Growth,Environment & Neighbourh,Greenspace,Greenspace,65,1,65,1
West Dunbartonshire Coun,Regen Environ & Growth,Environment & Neighbourh,Greenspace,Greenspace,34.04,2.59,13.12,3
West Dunbartonshire Coun,Regen Environ & Growth,Environment & Neighbourh,Greenspace,Greenspace,115.25,2.61,44.19,3
West Dunbartonshire Coun,Regen Environ & Growth,Environment & Neighbourh,Roads & Transportation,Roads & Transportation,0,52.8,0,87
West Dunbartonshire Coun,Regen Environ & Growth,Environment & Neighbourh,Roads & Transportation,Roads & Transportation,65,1,65,1
West Dunbartonshire Coun,Regen Environ & Growth,Environment & Neighbourh,Roads & Transportation,Roads & Transportation,104,8,13,8
West Dunbartonshire Coun,Regen Environ & Growth,Environment & Neighbourh,Roads & Transportation,Roads & Transportation,5.6,0.39,14.29,2
West Dunbartonshire Coun,Regen Environ & Growth,Environment & Neighbourh,Roads & Transportation,Roads & Transportation,8.57,1,8.57,1
West Dunbartonshire Coun,Regen Environ & Growth,Environment & Neighbourh,Roads & Transportation,Roads & Transportation,65,1,65,1
West Dunbartonshire Coun,Regen Environ & Growth,Environment & Neighbourh,Roads & Transportation,Roads & Transportation,24.29,1,24.29,1
West Dunbartonshire Coun,Regen Environ & Growth,Housing & Employability,Community Planning & Dev,Communities Team,0,15.22,0,16
West Dunbartonshire Coun,Regen Environ & Growth,Housing & Employability,Housing Dev&Homelessness,Homeless & Prevention,0,46.82,0,50
West Dunbartonshire Coun,Regen Environ & Growth,Housing & Employability,Housing Dev&Homelessness,Homeless & Prevention,16.01,3.97,4.03,4
West Dunbartonshire Coun,Regen Environ & Growth,Housing & Employability,Housing Dev&Homelessness,Homeless & Prevention,10.89,1.5,7.26,2
West Dunbartonshire Coun,Regen Environ & Growth,Housing & Employability,Housing Dev&Homelessness,Homeless & Prevention,21.14,1,21.14,1
West Dunbartonshire Coun,Regen Environ & Growth,Housing & Employability,Housing Dev&Homelessness,Housing Development,0,21.25,0,22
West Dunbartonshire Coun,Regen Environ & Growth,Housing & Employability,Housing Operations,Housing Operations,0,98.56,0,105
West Dunbartonshire Coun,Regen Environ & Growth,Housing & Employability,Housing Operations,Housing Operations,125.71,7,17.96,7
West Dunbartonshire Coun,Regen Environ & Growth,Housing & Employability,Housing Operations,Housing Operations,108.58,3,36.19,3
West Dunbartonshire Coun,Regen Environ & Growth,Housing & Employability,Housing Operations,Housing Operations,228.81,11.66,19.62,13
West Dunbartonshire Coun,Regen Environ & Growth,Housing & Employability,Housing Operations,Housing Operations,42.14,1,42.14,1
West Dunbartonshire Coun,Regen Environ & Growth,Housing & Employability,Housing Operations,Housing Operations,25.71,1,25.71,1
West Dunbartonshire Coun,Regen Environ & Growth,Housing & Employability,Housing Operations,Housing Operations,111.42,2,55.71,2
West Dunbartonshire Coun,Regen Environ & Growth,Housing & Employability,Housing Operations,Housing Operations,59.75,2.04,29.23,3
West Dunbartonshire Coun,Regen Environ & Growth,Housing & Employability,Housing Operations,Housing Operations,5,1,5,1
West Dunbartonshire Coun,Regen Environ & Growth,Housing & Employability,Housing Operations,Housing Operations,22.14,1,22.14,1
West Dunbartonshire Coun,Regen Environ & Growth,Housing & Employability,Working 4U,Adult Employability,0,15.28,0,17
West Dunbartonshire Coun,Regen Environ & Growth,Housing & Employability,Working 4U,Adult Employability,21.21,3,7.07,1
West Dunbartonshire Coun,Regen Environ & Growth,Housing & Employability,Working 4U,Adult Employability,3,1,3,1
West Dunbartonshire Coun,Regen Environ & Growth,Housing & Employability,Working 4U,Adult Employability,6.16,0.51,12.01,1
West Dunbartonshire Coun,Regen Environ & Growth,Housing & Employability,Working 4U,Adult Employability,4.29,1,4.29,1
West Dunbartonshire Coun,Regen Environ & Growth,Housing & Employability,Working 4U,Adult Learn & Literacies,0,6.88,0,14
West Dunbartonshire Coun,Regen Environ & Growth,Housing & Employability,Working 4U,Financial Inclusion,0,21.38,0,23
West Dunbartonshire Coun,Regen Environ & Growth,Housing & Employability,Working 4U,Financial Inclusion,14.29,1,14.29,1
West Dunbartonshire Coun,Regen Environ & Growth,Housing & Employability,Working 4U,Financial Inclusion,12.14,1,12.14,1
West Dunbartonshire Coun,Regen Environ & Growth,Housing & Employability,Working 4U,"Skills, Compliance & Dev",0,2.5,0,3
West Dunbartonshire Coun,Regen Environ & Growth,Housing & Employability,Working 4U,"Skills, Compliance & Dev",6.43,1,6.43,1
West Dunbartonshire Coun,Regen Environ & Growth,Housing & Employability,Working 4U,Working4U,0,3,0,3
West Dunbartonshire Coun,Regen Environ & Growth,Housing & Employability,Working 4U,Youth Employ&Literacies,0,8.36,0,9
West Dunbartonshire Coun,Regen Environ & Growth,Housing & Employability,Working 4U,Youth Learning,0,9.83,0,16
West Dunbartonshire Coun,Regen Environ & Growth,Regeneration,Capital Investment,Capital Investment,0,8,0,8
West Dunbartonshire Coun,Regen Environ & Growth,Regeneration,Economic Development,Economic Development,0,12.34,0,14
West Dunbartonshire Coun,Regen Environ & Growth,Regeneration,Estates & Asset Manageme,Asset Management,0,41.23,0,43
West Dunbartonshire Coun,Regen Environ & Growth,Regeneration,Estates & Asset Manageme,Asset Management,1,1,1,1
West Dunbartonshire Coun,Regen Environ & Growth,Regeneration,Estates & Asset Manageme,Asset Management,3.78,0.95,4,1
West Dunbartonshire Coun,Regen Environ & Growth,Regeneration,Estates & Asset Manageme,Asset Management,13.71,0.8,17.14,1
West Dunbartonshire Coun,Regen Environ & Growth,Regeneration,Estates & Asset Manageme,Capital Investment,0,1,0,1
West Dunbartonshire Coun,Regen Environ & Growth,Regeneration,Estates & Asset Manageme,Estates Management,0,9.68,0,12
West Dunbartonshire Coun,Regen Environ & Growth,Regeneration,Housing Asset & Invest,Housing Asset & Invest,0,8.7,0,9
West Dunbartonshire Coun,Regen Environ & Growth,Regeneration,Maintenance & Repairs,Maintenance & Repairs,0,259.44,0,264
West Dunbartonshire Coun,Regen Environ & Growth,Regeneration,Maintenance & Repairs,Maintenance & Repairs,77.14,3,25.71,3
West Dunbartonshire Coun,Regen Environ & Growth,Regeneration,Maintenance & Repairs,Maintenance & Repairs,54.29,2,27.14,2
West Dunbartonshire Coun,Regen Environ & Growth,Regeneration,Maintenance & Repairs,Maintenance & Repairs,1497.64,66.05,22.68,68
West Dunbartonshire Coun,Regen Environ & Growth,Regeneration,Maintenance & Repairs,Maintenance & Repairs,134.99,9,15,9
West Dunbartonshire Coun,Regen Environ & Growth,Regeneration,Maintenance & Repairs,Maintenance & Repairs,106.43,2,53.22,2
West Dunbartonshire Coun,Regen Environ & Growth,Regeneration,Maintenance & Repairs,Maintenance & Repairs,21.43,1,21.43,1
West Dunbartonshire Coun,Regen Environ & Growth,Regeneration,Maintenance & Repairs,Maintenance & Repairs,80.71,3,26.9,3
West Dunbartonshire Coun,Strategic Management,Strategic Management,Strategic Management,Strategic Management,0,12,0,12
West Dunbartonshire Coun,Strategic Management,Strategic Management,Strategic Management,Strategic Management,41.43,1,41.43,1
West Dunbartonshire Coun,Transform  Pub Sec Refo - Teachers,Educ Learning & Attain,Central ASN Support Serv,Teacher,0,29.91,0,36
West Dunbartonshire Coun,Transform  Pub Sec Refo - Teachers,Educ Learning & Attain,Primary Schools,Teacher,0,419.52,0,507
West Dunbartonshire Coun,Transform  Pub Sec Refo - Teachers,Educ Learning & Attain,Primary Schools,Teacher,19.28,1.46,13.22,2
West Dunbartonshire Coun,Transform  Pub Sec Refo - Teachers,Educ Learning & Attain,Primary Schools,Teacher,2.73,0.91,2.99,1
West Dunbartonshire Coun,Transform  Pub Sec Refo - Teachers,Educ Learning & Attain,Primary Schools,Teacher,165.9,2.55,65,3
West Dunbartonshire Coun,Transform  Pub Sec Refo - Teachers,Educ Learning & Attain,Primary Schools,Teacher,33.99,0.55,62.15,1
West Dunbartonshire Coun,Transform  Pub Sec Refo - Teachers,Educ Learning & Attain,Primary Schools,Teacher,3.91,0.55,7.15,1
West Dunbartonshire Coun,Transform  Pub Sec Refo - Teachers,Educ Learning & Attain,Primary Schools,Teacher,2.73,0.91,2.99,1
West Dunbartonshire Coun,Transform  Pub Sec Refo - Teachers,Educ Learning & Attain,Primary Schools,Teacher,17.58,0.91,19.29,1
West Dunbartonshire Coun,Transform  Pub Sec Refo - Teachers,Educ Learning & Attain,Primary Schools,Teacher,85.94,2.55,33.67,3
West Dunbartonshire Coun,Transform  Pub Sec Refo - Teachers,Educ Learning & Attain,Secondary Schools,Teacher,0,408.98,0,485
West Dunbartonshire Coun,Transform  Pub Sec Refo - Teachers,Educ Learning & Attain,Secondary Schools,Teacher,40.5,1.64,24.68,2
West Dunbartonshire Coun,Transform  Pub Sec Refo - Teachers,Educ Learning & Attain,Secondary Schools,Teacher,2.92,0.73,4,1
West Dunbartonshire Coun,Transform  Pub Sec Refo - Teachers,Educ Learning & Attain,Secondary Schools,Teacher,0.73,0.73,1,1
West Dunbartonshire Coun,Transform  Pub Sec Refo - Teachers,Educ Learning & Attain,Secondary Schools,Teacher,2.73,0.91,2.99,1
West Dunbartonshire Coun,Transform  Pub Sec Refo - Teachers,Educ Learning & Attain,Secondary Schools,Teacher,47.4,0.73,65,1
West Dunbartonshire Coun,Transform  Pub Sec Refo - Teachers,Educ Learning & Attain,Secondary Schools,Teacher,86.14,3.46,24.87,4
West Dunbartonshire Coun,Transform  Pub Sec Refo - Teachers,Educ Learning & Attain,Special Schools & Units,Teacher,0,48.92,0,63
West Dunbartonshire Coun,Transform  Pub Sec Refo - Teachers,Educ Learning & Attain,Special Schools & Units,Teacher,2.92,0.73,4,1
West Dunbartonshire Coun,Transform  Pub Sec Refo - Teachers,Educ Learning & Attain,Special Schools & Units,Teacher,81.11,5.74,14.12,8
West Dunbartonshire Coun,Transform  Pub Sec Refo - Teachers,Educ Learning & Attain,Special Schools & Units,Teacher,12.37,0.91,13.57,1
West Dunbartonshire Coun,Transform  Pub Sec Refo - Teachers,Educ Learning & Attain,Special Schools & Units,Teacher,59.25,0.91,65,1
West Dunbartonshire Coun,Transform & Pub Sec Refo,CCCF,Comms Events & Engage,Clydebank Town Hall,0,3,0,3
West Dunbartonshire Coun,Transform & Pub Sec Refo,CCCF,Comms Events & Engage,Comms Events & Engage,0,10,0,10
West Dunbartonshire Coun,Transform & Pub Sec Refo,CCCF,Comms Events & Engage,Comms Events & Engage,5.93,1,5.93,1
West Dunbartonshire Coun,Transform & Pub Sec Refo,CCCF,Comms Events & Engage,Comms Events & Engage,294.82,4.78,61.73,6
West Dunbartonshire Coun,Transform & Pub Sec Refo,CCCF,Comms Events & Engage,Comms Events & Engage,5,1,5,1
West Dunbartonshire Coun,Transform & Pub Sec Refo,CCCF,Comms Events & Engage,Comms Events & Engage,22.74,0.51,44.28,1
West Dunbartonshire Coun,Transform & Pub Sec Refo,CCCF,Comms Events & Engage,Comms Events & Engage,5,1,5,1
West Dunbartonshire Coun,Transform & Pub Sec Refo,CCCF,Customer Services,Admin Support,0,5,0,7
West Dunbartonshire Coun,Transform & Pub Sec Refo,CCCF,Customer Services,Admin Support,1,1,1,1
West Dunbartonshire Coun,Transform & Pub Sec Refo,CCCF,Customer Services,Admin Support,74.29,2,37.14,2
West Dunbartonshire Coun,Transform & Pub Sec Refo,CCCF,Customer Services,Contact Centre,0,26.68,0,31
West Dunbartonshire Coun,Transform & Pub Sec Refo,CCCF,Customer Services,Contact Centre,3,1,3,1
West Dunbartonshire Coun,Transform & Pub Sec Refo,CCCF,Customer Services,Contact Centre,93.63,2.51,37.24,3
West Dunbartonshire Coun,Transform & Pub Sec Refo,CCCF,Customer Services,Contact Centre,5,1,5,1
West Dunbartonshire Coun,Transform & Pub Sec Refo,CCCF,Customer Services,Scottish Welfare Fund,0,4.77,0,6
West Dunbartonshire Coun,Transform & Pub Sec Refo,CCCF,Customer Services,Scottish Welfare Fund,10.29,1,10.29,1
West Dunbartonshire Coun,Transform & Pub Sec Refo,CCCF,Facilities Management,FM: Alexandria,0,55.24,0,88
West Dunbartonshire Coun,Transform & Pub Sec Refo,CCCF,Facilities Management,FM: Alexandria,21.01,1.06,19.75,3
West Dunbartonshire Coun,Transform & Pub Sec Refo,CCCF,Facilities Management,FM: Alexandria,231.88,15.73,14.74,27
West Dunbartonshire Coun,Transform & Pub Sec Refo,CCCF,Facilities Management,FM: Alexandria,41.06,1.68,24.43,4
West Dunbartonshire Coun,Transform & Pub Sec Refo,CCCF,Facilities Management,FM: Alexandria,37.65,0.68,55.72,1
West Dunbartonshire Coun,Transform & Pub Sec Refo,CCCF,Facilities Management,FM: Alexandria,3.14,0.78,4.01,1
West Dunbartonshire Coun,Transform & Pub Sec Refo,CCCF,Facilities Management,FM: Alexandria,24.57,0.74,33.07,3
West Dunbartonshire Coun,Transform & Pub Sec Refo,CCCF,Facilities Management,FM: Clydebank East,0,47.49,0,83
West Dunbartonshire Coun,Transform & Pub Sec Refo,CCCF,Facilities Management,FM: Clydebank East,1.03,0.51,2.01,1
West Dunbartonshire Coun,Transform & Pub Sec Refo,CCCF,Facilities Management,FM: Clydebank East,436.48,16.73,26.09,30
West Dunbartonshire Coun,Transform & Pub Sec Refo,CCCF,Facilities Management,FM: Clydebank East,15.06,0.32,46.44,1
West Dunbartonshire Coun,Transform & Pub Sec Refo,CCCF,Facilities Management,FM: Clydebank East,21.93,0.43,50.71,1
West Dunbartonshire Coun,Transform & Pub Sec Refo,CCCF,Facilities Management,FM: Clydebank East,38.96,0.79,49.28,1
West Dunbartonshire Coun,Transform & Pub Sec Refo,CCCF,Facilities Management,FM: Clydebank West,0,50.62,0,95
West Dunbartonshire Coun,Transform & Pub Sec Refo,CCCF,Facilities Management,FM: Clydebank West,1.54,0.39,4,1
West Dunbartonshire Coun,Transform & Pub Sec Refo,CCCF,Facilities Management,FM: Clydebank West,18.22,0.43,42.13,1
West Dunbartonshire Coun,Transform & Pub Sec Refo,CCCF,Facilities Management,FM: Clydebank West,451.47,19.57,23.07,38
West Dunbartonshire Coun,Transform & Pub Sec Refo,CCCF,Facilities Management,FM: Clydebank West,25.03,0.39,64.99,1
West Dunbartonshire Coun,Transform & Pub Sec Refo,CCCF,Facilities Management,FM: Clydebank West,38.95,1.59,24.53,2
West Dunbartonshire Coun,Transform & Pub Sec Refo,CCCF,Facilities Management,FM: Clydebank West,20.08,0.43,46.43,1
West Dunbartonshire Coun,Transform & Pub Sec Refo,CCCF,Facilities Management,FM: Clydebank West,6.65,0.94,7.1,2
West Dunbartonshire Coun,Transform & Pub Sec Refo,CCCF,Facilities Management,FM: Dumbarton,0,53.98,0,92
West Dunbartonshire Coun,Transform & Pub Sec Refo,CCCF,Facilities Management,FM: Dumbarton,58.53,2.55,22.92,4
West Dunbartonshire Coun,Transform & Pub Sec Refo,CCCF,Facilities Management,FM: Dumbarton,0.41,0.41,1.01,1
West Dunbartonshire Coun,Transform & Pub Sec Refo,CCCF,Facilities Management,FM: Dumbarton,706.79,27.07,26.11,50
West Dunbartonshire Coun,Transform & Pub Sec Refo,CCCF,Facilities Management,FM: Dumbarton,31.07,0.5,62.14,1
West Dunbartonshire Coun,Transform & Pub Sec Refo,CCCF,Facilities Management,FM: Dumbarton,6.37,0.41,15.71,1
West Dunbartonshire Coun,Transform & Pub Sec Refo,CCCF,Facilities Management,FM: Dumbarton,26.96,0.77,35,2
West Dunbartonshire Coun,Transform & Pub Sec Refo,CCCF,Facilities Management,FM: Dumbarton,28.57,1.2,23.89,2
West Dunbartonshire Coun,Transform & Pub Sec Refo,CCCF,Facilities Management,Facilities Management,0,7.81,0,9
West Dunbartonshire Coun,Transform & Pub Sec Refo,CCCF,Facilities Management,Facilities Management,23.4,0.6,39,1
West Dunbartonshire Coun,Transform & Pub Sec Refo,CCCF,Libraries & Culture,Central Support,0,0.8,0,1
West Dunbartonshire Coun,Transform & Pub Sec Refo,CCCF,Libraries & Culture,Culture & Creative Learn,0,5.98,0,7
West Dunbartonshire Coun,Transform & Pub Sec Refo,CCCF,Libraries & Culture,Heritage Team,0,1,0,1
West Dunbartonshire Coun,Transform & Pub Sec Refo,CCCF,Libraries & Culture,Heritage Team,10.29,1,10.29,1
West Dunbartonshire Coun,Transform & Pub Sec Refo,CCCF,Libraries & Culture,Libraries & Culture,0,4.76,0,5
West Dunbartonshire Coun,Transform & Pub Sec Refo,CCCF,Libraries & Culture,Libraries & Information,0,34.97,0,49
West Dunbartonshire Coun,Transform & Pub Sec Refo,CCCF,Libraries & Culture,Libraries & Information,4,1,4,1
West Dunbartonshire Coun,Transform & Pub Sec Refo,CCCF,Strat Org Pol & Perform,Performance & Strategy,0,5.82,0,6
West Dunbartonshire Coun,Transform & Pub Sec Refo,Educ Learning & Attain,Central ASN Support Serv,School Support Staff,0,15.43,0,20
West Dunbartonshire Coun,Transform & Pub Sec Refo,Educ Learning & Attain,Children & Young People,Early Years HQ Resource,0,3.89,0,4
West Dunbartonshire Coun,Transform & Pub Sec Refo,Educ Learning & Attain,Children & Young People,Pupil Support,0,1,0,1
West Dunbartonshire Coun,Transform & Pub Sec Refo,Educ Learning & Attain,Children & Young People,Pupil Support,1,1,1,1
West Dunbartonshire Coun,Transform & Pub Sec Refo,Educ Learning & Attain,Early Years,Early Years Support,0,307.75,0,375
West Dunbartonshire Coun,Transform & Pub Sec Refo,Educ Learning & Attain,Early Years,Early Years Support,106.86,14.64,7.3,6
West Dunbartonshire Coun,Transform & Pub Sec Refo,Educ Learning & Attain,Early Years,Early Years Support,69.5,6.95,10.01,8
West Dunbartonshire Coun,Transform & Pub Sec Refo,Educ Learning & Attain,Early Years,Early Years Support,53.24,2.91,18.27,4
West Dunbartonshire Coun,Transform & Pub Sec Refo,Educ Learning & Attain,Early Years,Early Years Support,88.46,2,44.23,2
West Dunbartonshire Coun,Transform & Pub Sec Refo,Educ Learning & Attain,Early Years,Early Years Support,95.46,1.5,63.64,2
West Dunbartonshire Coun,Transform & Pub Sec Refo,Educ Learning & Attain,Early Years,Early Years Support,4.21,0.39,10.72,1
West Dunbartonshire Coun,Transform & Pub Sec Refo,Educ Learning & Attain,Early Years,Early Years Support,265.08,8.43,31.43,7
West Dunbartonshire Coun,Transform & Pub Sec Refo,Educ Learning & Attain,Early Years,Early Years Support,98.28,2.8,35.1,4
West Dunbartonshire Coun,Transform & Pub Sec Refo,Educ Learning & Attain,Education Central Mgmt,Education Central Mgmt,0,5,0,5
West Dunbartonshire Coun,Transform & Pub Sec Refo,Educ Learning & Attain,Education Development,Attainment Challenge,0,2,0,2
West Dunbartonshire Coun,Transform & Pub Sec Refo,Educ Learning & Attain,Education Development,Education Development,0,4.24,0,5
West Dunbartonshire Coun,Transform & Pub Sec Refo,Educ Learning & Attain,Education Development,Senior Phase,0,4.04,0,5
West Dunbartonshire Coun,Transform & Pub Sec Refo,Educ Learning & Attain,Education Development,Senior Phase,2,1,2,1
West Dunbartonshire Coun,Transform & Pub Sec Refo,Educ Learning & Attain,Music Service,Music Instruction,0,11.93,0,19
West Dunbartonshire Coun,Transform & Pub Sec Refo,Educ Learning & Attain,Music Service,YMI,0,3,0,4
West Dunbartonshire Coun,Transform & Pub Sec Refo,Educ Learning & Attain,Performance & Improvemen,Performance & Improvemen,0,4.9,0,5
West Dunbartonshire Coun,Transform & Pub Sec Refo,Educ Learning & Attain,Performance & Improvemen,Senior Phase,0,1,0,1
West Dunbartonshire Coun,Transform & Pub Sec Refo,Educ Learning & Attain,Primary Schools,School Support Staff,0,189.82,0,261
West Dunbartonshire Coun,Transform & Pub Sec Refo,Educ Learning & Attain,Primary Schools,School Support Staff,29.84,1.07,27.85,2
West Dunbartonshire Coun,Transform & Pub Sec Refo,Educ Learning & Attain,Primary Schools,School Support Staff,59.29,1.57,37.73,3
West Dunbartonshire Coun,Transform & Pub Sec Refo,Educ Learning & Attain,Primary Schools,School Support Staff,11.74,0.71,16.44,1
West Dunbartonshire Coun,Transform & Pub Sec Refo,Educ Learning & Attain,Primary Schools,School Support Staff,50.82,0.86,59.29,1
West Dunbartonshire Coun,Transform & Pub Sec Refo,Educ Learning & Attain,Primary Schools,School Support Staff,86.52,3.23,26.8,5
West Dunbartonshire Coun,Transform & Pub Sec Refo,Educ Learning & Attain,Primary Schools,School Support Staff,43.36,1.43,30.35,2
West Dunbartonshire Coun,Transform & Pub Sec Refo,Educ Learning & Attain,Psychological Services,Psychological Services,0,9,0,12
West Dunbartonshire Coun,Transform & Pub Sec Refo,Educ Learning & Attain,Psychological Services,Psychological Services,38.57,1,38.57,1
West Dunbartonshire Coun,Transform & Pub Sec Refo,Educ Learning & Attain,Rais Attain Improv Learn,Rais Attain Improv Learn,0,1,0,1
West Dunbartonshire Coun,Transform & Pub Sec Refo,Educ Learning & Attain,Secondary Schools,School Support Staff,0,91.68,0,115
West Dunbartonshire Coun,Transform & Pub Sec Refo,Educ Learning & Attain,Secondary Schools,School Support Staff,22.14,1,22.14,1
West Dunbartonshire Coun,Transform & Pub Sec Refo,Educ Learning & Attain,Secondary Schools,School Support Staff,43.58,2,21.79,2
West Dunbartonshire Coun,Transform & Pub Sec Refo,Educ Learning & Attain,Secondary Schools,School Support Staff,2,1,2,1
West Dunbartonshire Coun,Transform & Pub Sec Refo,Educ Learning & Attain,Secondary Schools,School Support Staff,11.79,0.39,30.01,1
West Dunbartonshire Coun,Transform & Pub Sec Refo,Educ Learning & Attain,Secondary Schools,School Support Staff,45.14,2.2,20.52,3
West Dunbartonshire Coun,Transform & Pub Sec Refo,Educ Learning & Attain,Secondary Schools,School Support Staff,25.54,0.39,65.01,1
West Dunbartonshire Coun,Transform & Pub Sec Refo,Educ Learning & Attain,Secondary Schools,School Support Staff,40.97,0.79,52.14,1
West Dunbartonshire Coun,Transform & Pub Sec Refo,Educ Learning & Attain,Special Schools & Units,School Support Staff,0,52.8,0,74
West Dunbartonshire Coun,Transform & Pub Sec Refo,Educ Learning & Attain,Special Schools & Units,School Support Staff,3.93,0.79,5,1
West Dunbartonshire Coun,Transform & Pub Sec Refo,Educ Learning & Attain,Special Schools & Units,School Support Staff,353.03,14.42,24.48,19
West Dunbartonshire Coun,Transform & Pub Sec Refo,Educ Learning & Attain,Special Schools & Units,School Support Staff,12.35,1.57,7.86,2
West Dunbartonshire Coun,Transform & Pub Sec Refo,Educ Learning & Attain,Special Schools & Units,School Support Staff,26.38,0.79,33.57,1
West Dunbartonshire Coun,Transform & Pub Sec Refo,Educ Learning & Attain,Technician Services,Technician Services,0,15.55,0,19
West Dunbartonshire Coun,Transform & Pub Sec Refo,Educ Learning & Attain,Technician Services,Technician Services,7.97,0.6,13.28,1
West Dunbartonshire Coun,Transform & Pub Sec Refo,Educ Learning & Attain,Workforce / CPD,Workforce / CPD,0,6.21,0,7
West Dunbartonshire Coun,Transform & Pub Sec Refo,Resources (Pro),Procurement,Procurement,0,18.53,0,21
